{"cameraMode":{"drawMode":0,"name":"Shaded","section":"Shading Mode"},"sceneLighting":true,"audioPlay":false,"sceneViewState":{"m_AlwaysRefresh":false,"showFog":true,"showSkybox":true,"showFlares":true,"showImageEffects":true,"showParticleSystems":true,"showVisualEffectGraphs":true,"m_FxEnabled":true},"in2DMode":false,"pivot":{"x":-1.1400001049041749,"y":3.1000001430511476,"z":2.3400001525878908},"rotation":{"x":0.04179181903600693,"y":0.04212440922856331,"z":-0.001303978031501174,"w":0.9985124468803406},"size":6.363643646240234,"orthographic":true}